<?xml version="1.0" encoding="UTF-8"?>
<project-private xmlns="http://www.netbeans.org/ns/project-private/1">
    <editor-bookmarks xmlns="http://www.netbeans.org/ns/editor-bookmarks/2" lastBookmarkId="1">
        <file>
            <url>src/Interface/ManageFlights/LoginAirliner.java</url>
            <bookmark id="1">
                <name/>
                <line>82</line>
                <key/>
            </bookmark>
        </file>
    </editor-bookmarks>
    <open-files xmlns="http://www.netbeans.org/ns/projectui-open-files/2">
        <group>
            <file>file:/Users/ajaygoel/NetBeansProjects/Assignment%203/src/Interface/ManageCustomer/BookFlight.java</file>
            <file>file:/Users/ajaygoel/NetBeansProjects/Assignment%203/src/Business/CustomerDirectory.java</file>
            <file>file:/Users/ajaygoel/NetBeansProjects/Assignment%203/src/Interface/SearchTestJPanel.java</file>
            <file>file:/Users/ajaygoel/NetBeansProjects/Assignment%203/src/Interface/TravelAgencyMainJFrame.java</file>
            <file>file:/Users/ajaygoel/NetBeansProjects/Assignment%203/src/Interface/ManageAirline/CreateAirlinerJPanel.java</file>
            <file>file:/Users/ajaygoel/NetBeansProjects/Assignment%203/src/Business/FlightDirectory.java</file>
        </group>
    </open-files>
</project-private>
